ExamSet,DifficultyCode,Difficulty,QuestionCount,CentralSaveHook
1,A,Standard,75,True
1,B,More Challenging,75,True
1,C,Difficult,75,True
2,A,Standard,75,True
2,B,More Challenging,75,True
2,C,Difficult,75,True
3,A,Standard,75,True
3,B,More Challenging,75,True
3,C,Difficult,75,True
4,A,Standard,75,True
4,B,More Challenging,75,True
4,C,Difficult,75,True
5,A,Standard,75,True
5,B,More Challenging,75,True
5,C,Difficult,75,True
6,A,Standard,75,True
6,B,More Challenging,75,True
6,C,Difficult,75,True
